116,-34.6038954,-58.3674768,0,323,,,,,1.12048637866974,5.25766706466675,8.14986228942871,0.00957680679857731,1662.77221679688,558.508972167969,1505494934015,1505494930607,5,12,
178,-34.6040559,-58.3675099,13,22,,,,,-0.0191536135971546,4.79798030853271,9.66299819946289,0.00957680679857731,2057.10546875,1800.3701171875,1505495388927,1505495385563,5,12,
284,-34.6327212,-58.3760156,64,8,,,,,-2.5091233253479,7.2113356590271,6.29196214675903,0.00957680679857731,3055.52587890625,224.51350402832,1505619005681,1505619002233,8,21,
377,-34.6330231,-58.3755987,30,13,,,,,-0.651222884654999,1.3407529592514,8.49462795257568,0.00957680679857731,1244.44445800781,2010.13513183594,1505910811630,1505910811836,11,22,
117,-34.6039793,-58.3676681,0,21.4869995117188,,,,,-0.354341864585876,6.05254173278809,11.0133275985718,0.00957680679857731,1662.77221679688,558.508972167969,1505494934167,1505494930759,5,12,
179,-34.6040826,-58.3678241,0,21.1009998321533,,,,,0.450109928846359,4.4723687171936,8.22647666931152,0.00957680679857731,2057.10546875,1800.3701171875,1505495394193,1505495390817,5,12,
285,-34.6327069,-58.3758684,0,19.9349994659424,,,,,1.13006317615509,9.30865573883057,2.95923328399658,0.00957680679857731,3055.52587890625,224.51350402832,1505618980372,1505618977158,8,21,
378,-34.6330288,-58.3755859,0,41.2560005187988,,,,,0.0191536135971546,0.210689753293991,10.0269165039062,0.00957680679857731,1276.85180664062,2136.82421875,1505910829432,1505910829471,11,22,
118,-34.6038954,-58.3674769,0,357,,,,,-0.641646027565002,3.78283858299255,9.08838939666748,0.00957680679857731,1413.02783203125,617.645263671875,1505494948333,,5,12,
180,-34.6040761,-58.3678352,0,21.0960006713867,,,,,-0.287304192781448,3.38061285018921,8.95431423187256,0.00957680679857731,2057.10546875,1800.3701171875,1505495400746,1505495397390,5,12,
286,-34.6327284,-58.3760241,63,42,,,,,0.593762040138245,9.12669658660889,3.1890766620636,0.00957680679857731,3055.52587890625,224.51350402832,1505618985664,1505618982394,8,21,
379,-34.6330288,-58.3755859,0,69.6859970092773,,,,,0,0.201112940907478,9.9981861114502,0.00957680679857731,1276.85180664062,2136.82421875,1505910829714,1505910829765,11,22,
119,-34.6038953,-58.3674772,0,431,,,,,0.488417148590088,2.61446833610535,9.37569427490234,0.00957680679857731,1413.02783203125,617.645263671875,1505494953533,1505494950138,5,12,
181,-34.603844,-58.3677492,0,557,,,,,-0.201112940907478,3.70622420310974,8.49462795257568,0.00957680679857731,2057.10546875,1800.3701171875,1505495405794,1505495402353,5,12,
287,-34.6327212,-58.3760156,64,8,,,,,-2.5091233253479,7.2113356590271,6.29196214675903,0.00957680679857731,3055.52587890625,224.51350402832,1505619005681,1505619002233,8,21,
380,-34.633029,-58.375586,32,14,,,,,2.03028297424316,1.2449848651886,10.9079828262329,0.00957680679857731,1821.29626464844,1967.90539550781,1505910837398,1505910837637,11,22,
120,-34.6038953,-58.3674772,0,465,,,,,0.277727395296097,2.65277552604675,9.27034854888916,0.00957680679857731,1413.02783203125,617.645263671875,1505494958533,1505494955144,5,12,
182,-34.6037694,-58.3677042,0,690,,,,,-0.632069230079651,3.84987640380859,10.6685628890991,0.00957680679857731,2057.10546875,1800.3701171875,1505495410777,1505495407417,5,12,
288,-34.6327069,-58.3758684,0,19.9349994659424,,,,,1.13006317615509,9.30865573883057,2.95923328399658,0.00957680679857731,3055.52587890625,224.51350402832,1505618980372,1505618977158,8,21,
381,-34.633029,-58.3755859,32,15,,,,,0.430956304073334,0.469263523817062,6.80910968780518,0.00957680679857731,1633.33337402344,2069.25659179688,1505910840918,1505910840982,11,22,
121,-34.6038953,-58.3674772,0,531,,,,,0.0957680642604828,2.72938990592957,8.87769985198975,0.00957680679857731,1413.02783203125,617.645263671875,1505494963567,,5,12,
183,-34.60418946,-58.36800177,6,727,,,,,-1.08217918872833,2.53785371780396,7.83382797241211,0.00957680679857731,1965.09448242188,1465.26477050781,1505495420428,1505495417068,5,12,
289,-34.6327284,-58.3760241,63,42,,,,,0.593762040138245,9.12669658660889,3.1890766620636,0.00957680679857731,3055.52587890625,224.51350402832,1505618985664,1505618982394,8,21,
382,-34.6330286,-58.3755854,32,8,,,,,-0.0574608407914639,0.181959331035614,10.0077629089355,0.00957680679857731,1633.33337402344,2069.25659179688,1505910858550,1505910858585,11,22,
122,-34.6039793,-58.3676681,0,20.7819995880127,,,,,0.78529816865921,3.41892004013062,8.97346782684326,0.00957680679857731,1413.02783203125,617.645263671875,1505494968552,1505494965156,5,12,
184,-34.60418946,-58.36800177,6,727,,,,,0.746990919113159,4.31913995742798,8.06367111206055,0.00957680679857731,1965.09448242188,1465.26477050781,1505495432262,1505495428892,5,12,
290,-34.6327212,-58.3760156,64,8,,,,,-2.5091233253479,7.2113356590271,6.29196214675903,0.00957680679857731,3055.52587890625,224.51350402832,1505619005681,1505619002233,8,21,
383,-34.6330279,-58.3755829,32,7,,,,,-0.229843363165855,4.1659107208252,8.53293514251709,0.00957680679857731,2054.62963867188,2381.75659179688,1505910891130,,11,22,
123,-34.6038953,-58.3674772,0,797,,,,,0.814028561115265,2.85388851165771,9.50019264221191,0.00957680679857731,1413.02783203125,617.645263671875,1505494973619,1505494970191,5,12,
185,-34.6040893,-58.3677795,0,21.4230003356934,,,,,0.555454790592194,3.57214903831482,9.02135181427002,0.00957680679857731,1965.09448242188,1465.26477050781,1505495439346,1505495435979,5,12,
291,-34.6327069,-58.3758684,0,19.9349994659424,,,,,1.13006317615509,9.30865573883057,2.95923328399658,0.00957680679857731,3055.52587890625,224.51350402832,1505618980372,1505618977158,8,21,
384,-34.6330078,-58.3755575,31,7,,,,,-1.16837048530579,3.3231520652771,9.11711978912354,0.00957680679857731,2138.88891601562,2288.85131835938,1505910911846,1505910912053,11,22,
124,-34.6039729,-58.3676458,0,20.7910003662109,,,,,-0.12449848651886,2.85388851165771,10.7451772689819,0.00957680679857731,854.388916015625,808.195373535156,1505494989587,,5,12,
186,-34.6040893,-58.3677795,0,21.4459991455078,,,,,-1.36948335170746,2.41335535049438,9.58638381958008,0.00957680679857731,1965.09448242188,1465.26477050781,1505495446630,1505495443231,5,12,
292,-34.6327284,-58.3760241,63,42,,,,,0.593762040138245,9.12669658660889,3.1890766620636,0.00957680679857731,3055.52587890625,224.51350402832,1505618985664,1505618982394,8,21,
385,-34.6330077,-58.3755574,31,7,,,,,-2.45166254043579,3.89776039123535,8.39885997772217,0.00957680679857731,2138.88891601562,2288.85131835938,1505910918663,1505910918692,11,22,
125,-34.6039857,-58.3676904,0,20.7770004272461,,,,,0.210689753293991,3.94564437866211,9.57680702209473,0.00957680679857731,854.388916015625,808.195373535156,1505494994904,,5,12,
187,-34.6040828,-58.3677572,0,20.7870006561279,,,,,-1.21625447273254,1.80043971538544,9.54807662963867,0.00957680679857731,1965.09448242188,1465.26477050781,1505495451430,1505495448038,5,12,
293,-34.6327212,-58.3760156,64,8,,,,,-2.5091233253479,7.2113356590271,6.29196214675903,0.00957680679857731,3055.52587890625,224.51350402832,1505619005681,1505619002233,8,21,
386,-34.6330062,-58.3755565,31,5,,,,,0.0957680642604828,3.62003302574158,8.14028549194336,0.00957680679857731,2547.22216796875,2288.85131835938,1505910952083,1505910952312,11,22,
126,-34.6038953,-58.3674773,0,663,,,,,-0.766144514083862,3.85945320129395,8.35097599029541,0.00957680679857731,854.388916015625,808.195373535156,1505494999919,,5,12,
188,-34.6040828,-58.3677572,0,20.7749996185303,,,,,-0.134075298905373,2.23139595985413,10.6302556991577,0.00957680679857731,1965.09448242188,1465.26477050781,1505495456447,,5,12,
387,-34.6330067,-58.3755563,31,9,,,,,-0.823605358600616,1.80043971538544,9.93114852905273,0.00957680679857731,2547.22216796875,2288.85131835938,1505910978815,1505910978976,11,22,
127,-34.6038953,-58.3674774,0,589,,,,,0.0574608407914639,3.79241538047791,8.61912631988525,0.00957680679857731,854.388916015625,808.195373535156,1505495004921,,5,12,
189,-34.6040828,-58.3677572,0,21.4459991455078,,,,,-2.30801033973694,2.40377855300903,10.5057573318481,0.00957680679857731,1971.66662597656,1103.87658691406,1505495464547,1505495461155,5,12,
388,-34.6330067,-58.3755561,31,11,,,,,2.03985977172852,2.39420175552368,8.80108547210693,0.00957680679857731,2631.4814453125,2398.64868164062,1505910987881,,11,22,
128,-34.6038954,-58.3674772,0,504,,,,,-0.24899697303772,3.10288548469543,8.5903959274292,0.00957680679857731,1196.14440917969,781.91259765625,1505495013038,1505495009690,5,12,
190,-34.6040698,-58.3677795,0,21.048999786377,,,,,-0.0574608407914639,3.1699230670929,8.15943908691406,0.00957680679857731,1991.38330078125,1117.01794433594,1505495469049,1505495465658,5,12,
389,-34.6330066,-58.375556,31,11,,,,,1.46525144577026,2.10689759254456,9.74918937683105,0.00957680679857731,2637.962890625,2297.29736328125,1505910993697,,11,22,
129,-34.6039859,-58.3676569,0,20.8129997253418,,,,,-2.14520478248596,3.28484463691711,11.0133275985718,0.00957680679857731,1196.14440917969,781.91259765625,1505495014205,1505495010827,5,12,
191,-34.6040747,-58.3675487,0,425,,,,,-0.114921681582928,1.30244576931,9.78749656677246,0.00957680679857731,1991.38330078125,1117.01794433594,1505495475601,1505495472176,5,12,
390,-34.6330066,-58.375556,31,11,,,,,4.34787034988403,2.17393517494202,7.25921964645386,0.00957680679857731,2663.88891601562,1959.45947265625,1505910998466,1505910998682,11,22,
130,-34.6038954,-58.3674773,0,540,,,,,-0.766144514083862,3.64876341819763,9.08838939666748,0.00957680679857731,1196.14440917969,781.91259765625,1505495023321,1505495019911,5,12,
192,-34.6040459,-58.3677295,0,295,,,,,0.277727395296097,1.50355863571167,9.94072532653809,0.00957680679857731,1991.38330078125,1117.01794433594,1505495480665,1505495477268,5,12,
198,-34.6039241,-58.3670958,80,49,,,,,-0.488417148590088,2.45166254043579,9.81622695922852,0.00957680679857731,1945.37780761719,2227.46533203125,1505498210050,1505498206674,5,12,
229,-34.6039535,-58.3676458,0,20.8330001831055,,,,,-0.0478840321302414,0.181959331035614,9.98860931396484,0.00957680679857731,1038.4111328125,479.66064453125,1505500046413,1505500043212,5,12,
236,-34.6327589,-58.3758461,0,20.8780002593994,,,,,1.14921677112579,7.47948598861694,6.50265169143677,0.00957680679857731,2751.83349609375,598.006774902344,1505618339295,,6,19,
294,-34.6409173,-58.4013119,24,57,,,,,-3.14119267463684,5.67904663085938,7.62313842773438,0.00957680679857731,2133.59985351562,1891.09448242188,1505848160838,1505848160845,8,21,
329,-34.6328682,-58.3758042,44,12,,,,,-2.26012635231018,2.41335535049438,9.35654067993164,0.00957680679857731,3000.92602539062,498.310791015625,1505909760251,1505909760294,11,22,
391,-34.6330066,-58.375556,31,12,,,,,0.0478840321302414,4.06056594848633,7.47948598861694,0.00957680679857731,2599.07421875,1714.52697753906,1505911003101,1505911003184,11,22,
131,-34.6039793,-58.3676681,0,20.7910003662109,,,,,0.0287304203957319,4.04141235351562,8.71489429473877,0.00957680679857731,1353.87780761719,887.043701171875,1505495030253,1505495026867,5,12,
193,-34.6040338,-58.3676367,0,290,,,,,-0.105344876646996,1.13963997364044,9.96945571899414,0.00957680679857731,1991.38330078125,1117.01794433594,1505495485699,1505495482313,5,12,
199,-34.6039239,-58.3670959,0,221,,,,,-0.852335810661316,2.04943656921387,9.36611747741699,0.00957680679857731,1945.37780761719,2227.46533203125,1505498215651,1505498212360,5,12,
230,-34.6039535,-58.3676458,0,50,,,,,-0.0574608407914639,0.143652096390724,9.95987892150879,0.00957680679857731,1038.4111328125,479.66064453125,1505500051630,1505500048255,5,12,
237,-34.6327589,-58.3758461,0,20.8780002593994,,,,,1.18752408027649,7.51779317855835,6.43561410903931,0.00957680679857731,2751.83349609375,598.006774902344,1505618339309,1505618335909,6,19,
295,-34.6409186,-58.401311,24,66,,,,,-3.1890766620636,5.69820022583008,7.51779317855835,0.00957680679857731,2133.59985351562,1891.09448242188,1505848166088,1505848166140,8,21,
330,-34.6328609,-58.3758113,45,11,,,,,-2.21224236488342,2.41335535049438,9.39484786987305,0.00957680679857731,3000.92602539062,498.310791015625,1505909770081,1505909770264,11,22,
392,-34.6330066,-58.375556,31,13,,,,,-0.488417148590088,5.44920301437378,6.91445446014404,0.00957680679857731,2560.18530273438,1765.20263671875,1505911008897,,11,22,
132,-34.6039793,-58.3676681,0,20.7910003662109,,,,,-0.833182215690613,2.86346530914307,9.41400146484375,0.00957680679857731,1353.87780761719,887.043701171875,1505495037421,1505495034004,5,12,
194,-34.6039233,-58.3676739,0,217,,,,,0.0287304203957319,1.43652105331421,9.89284133911133,0.00957680679857731,1991.38330078125,1117.01794433594,1505495490649,1505495487209,5,12,
200,-34.6039239,-58.3670959,0,341,,,,,-0.459686726331711,1.91536140441895,9.71088218688965,0.00957680679857731,1945.37780761719,2227.46533203125,1505498220668,1505498217458,5,12,
231,-34.6039665,-58.3676235,0,50,,,,,-0.0670376494526863,0.16280572116375,9.9981861114502,0.00957680679857731,1038.4111328125,479.66064453125,1505500056729,1505500053346,5,12,
238,-34.6327069,-58.3758684,0,19.7660007476807,,,,,-1.83874690532684,6.51222848892212,-7.25921964645386,0.00957680679857731,3390.41674804688,1157.43249511719,1505618615161,,6,19,
296,-34.6408779,-58.4012526,30,35,,,,,-0.66079968214035,6.78037929534912,7.14429807662964,0.00957680679857731,1580.44445800781,1960.17553710938,1505848280028,,8,21,
331,-34.6324923,-58.3760689,0,20.7080001831055,,,,,0.78529816865921,5.92804336547852,7.98705673217773,0.00957680679857731,3000.92602539062,498.310791015625,1505909730849,1505909730865,11,22,
393,-34.6330066,-58.375556,31,22,,,,,-1.09175598621368,4.30956315994263,8.30309104919434,0.00957680679857731,2560.18530273438,1765.20263671875,1505911014148,1505911014237,11,22,
133,-34.6038955,-58.3674775,0,520,,,,,-0.957680702209473,3.17949986457825,9.87368774414062,0.00957680679857731,1353.87780761719,887.043701171875,1505495042357,1505495039007,5,12,
195,-34.6039663,-58.3677207,0,191,,,,,-0.0191536135971546,1.29286897182465,9.92157173156738,0.00957680679857731,1991.38330078125,1117.01794433594,1505495495649,1505495492252,5,12,
201,-34.6040694,-58.3679132,0,20.7089996337891,,,,,-0.737414121627808,2.59531474113464,8.47547435760498,0.00957680679857731,1643.05554199219,2234.03588867188,1505498229572,1505498226194,5,12,
232,-34.6039747,-58.3676573,0,30,,,,,-0.0574608407914639,0.191536128520966,10.0077629089355,0.00957680679857731,1038.4111328125,479.66064453125,1505500061696,1505500058320,5,12,
239,-34.6327589,-58.3758461,0,20.8780002593994,,,,,1.14921677112579,7.47948598861694,6.50265169143677,0.00957680679857731,2751.83349609375,598.006774902344,1505618339295,,6,19,
297,-34.6408792,-58.4012545,30,25,,,,,-0.890643060207367,6.89530086517334,7.05810642242432,0.00957680679857731,1580.44445800781,1960.17553710938,1505848285145,1505848285177,8,21,
332,-34.6328372,-58.3758533,71,54,,,,,-2.22181916236877,2.42293214797974,9.4427318572998,0.00957680679857731,3000.92602539062,498.310791015625,1505909738180,1505909738221,11,22,
394,-34.6330066,-58.375556,31,23,,,,,-1.17794728279114,3.99352836608887,8.62870311737061,0.00957680679857731,2618.5185546875,1807.43237304688,1505911017480,1505911017650,11,22,
134,-34.6038955,-58.3674775,0,538,,,,,0.0766144543886185,4.24252557754517,8.01578712463379,0.00957680679857731,1353.87780761719,887.043701171875,1505495047456,1505495044022,5,12,
196,-34.6039779,-58.3676809,0,246,,,,,-1.10133278369904,2.24097275733948,9.69172859191895,0.00957680679857731,1991.38330078125,1117.01794433594,1505495500650,1505495497256,5,12,
202,-34.6039173,-58.3670995,0,180,,,,,0.191536128520966,2.17393517494202,9.88326454162598,0.00957680679857731,1643.05554199219,2234.03588867188,1505498235151,1505498231781,5,12,
233,-34.6039535,-58.3676458,0,21.4629993438721,,,,,-0.0478840321302414,0.16280572116375,9.97903251647949,0.00957680679857731,1038.4111328125,479.66064453125,1505500066763,1505500063570,5,12,
240,-34.6327589,-58.3758461,0,20.8780002593994,,,,,1.18752408027649,7.51779317855835,6.43561410903931,0.00957680679857731,2751.83349609375,598.006774902344,1505618339309,1505618335909,6,19,
298,-34.6408819,-58.4012595,30,25,,,,,-0.497993946075439,7.20175886154175,7.03895282745361,0.00957680679857731,1876.77770996094,708.0810546875,1505848313949,,8,21,
333,-34.6328567,-58.3758152,45,9,,,,,-2.25054955482483,2.40377855300903,9.36611747741699,0.00957680679857731,3000.92602539062,498.310791015625,1505909781896,1505909781883,11,22,
395,-34.6330066,-58.375556,31,14,,,,,-1.51313543319702,5.5832781791687,8.19774627685547,0.00957680679857731,2618.5185546875,1807.43237304688,1505911022648,1505911022726,11,22,
135,-34.6038955,-58.3674774,0,457,,,,,-1.20667767524719,2.14520478248596,9.23204135894775,0.00957680679857731,1353.87780761719,887.043701171875,1505495052490,1505495049119,5,12,
197,-34.604005,-58.3676978,0,325,,,,,-1.04387199878693,4.27125597000122,8.49462795257568,0.00957680679857731,1991.38330078125,1117.01794433594,1505495505666,1505495502295,5,12,
203,-34.6038734,-58.3682372,0,177,,,,,0.153228908777237,2.92092609405518,9.14585018157959,0.00957680679857731,1643.05554199219,2234.03588867188,1505498240169,1505498236800,5,12,
234,-34.6039535,-58.3676458,0,21.443000793457,,,,,-0.0574608407914639,0.134075298905373,9.98860931396484,0.00957680679857731,1038.4111328125,479.66064453125,1505500071764,1505500068384,5,12,
241,-34.6326939,-58.3758907,0,20.7469997406006,,,,,-1.20667767524719,7.07726001739502,-7.28795003890991,0.00957680679857731,3390.41674804688,1157.43249511719,1505618620508,1505618617090,6,19,
299,-34.6408819,-58.4012595,0,49.375,,,,,-0.545877993106842,7.13472127914429,7.01022243499756,0.00957680679857731,1876.77770996094,708.0810546875,1505848314682,1505848314734,8,21,
334,-34.6328468,-58.3758336,48,16,,,,,-0.210689753293991,1.3407529592514,10.0077629089355,0.00957680679857731,3000.92602539062,498.310791015625,1505909804632,1505909804661,11,22,
396,-34.6330066,-58.375556,31,15,,,,,0.239420175552368,4.84586429595947,8.0924015045166,0.00957680679857731,2670.37036132812,2010.13513183594,1505911025148,,11,22,
136,-34.6038955,-58.3674774,0,479,,,,,-0.842759013175964,3.43807363510132,9.12669658660889,0.00957680679857731,1353.87780761719,887.043701171875,1505495057473,1505495054068,5,12,
204,-34.6038646,-58.3671014,63,34,,,,,0.986411094665527,3.28484463691711,9.02135181427002,0.00957680679857731,1209.28894042969,2148.61694335938,1505498292339,,5,12,
235,-34.6039747,-58.3676573,0,30,,,,,-0.0670376494526863,0.12449848651886,9.95987892150879,0.00957680679857731,1038.4111328125,479.66064453125,1505500076764,1505500073391,5,12,
242,-34.6327589,-58.3758461,0,20.8780002593994,,,,,1.14921677112579,7.47948598861694,6.50265169143677,0.00957680679857731,2751.83349609375,598.006774902344,1505618339295,,6,19,
300,-34.6409276,-58.401253,0,21.1480007171631,,,,,-3.26569104194641,5.86100578308105,7.74763679504395,0.00957680679857731,480.555541992188,199.0048828125,1505848869514,,9,21,
335,-34.6328461,-58.3758349,48,13,,,,,-1.77170920372009,6.31111574172974,7.90086555480957,0.00957680679857731,3000.92602539062,498.310791015625,1505909810063,1505909810095,11,22,
397,-34.6330067,-58.3755559,31,14,,,,,0.718260526657104,6.92403125762939,7.39329481124878,0.00957680679857731,2858.33325195312,1959.45947265625,1505911030130,,11,22,
137,-34.6038955,-58.3674774,0,420,,,,,-0.0574608407914639,2.77727389335632,9.17458057403564,0.00957680679857731,1353.87780761719,887.043701171875,1505495062490,1505495059089,5,12,
205,-34.6038671,-58.3671148,55,45,,,,,0.37349545955658,5.25766706466675,8.53293514251709,0.00957680679857731,1209.28894042969,2148.61694335938,1505498304973,1505498301595,5,12,
243,-34.6327122,-58.3760107,0,130,,,,,-0.517147541046143,6.86657047271729,-7.13472127914429,0.00957680679857731,3390.41674804688,1157.43249511719,1505618625609,1505618622281,6,19,
301,-34.6409276,-58.401253,0,21.1480007171631,,,,,-3.12203907966614,5.78439140319824,7.508216381073,0.00957680679857731,480.555541992188,199.0048828125,1505848869548,,9,21,
336,-34.6328408,-58.3758541,49,14,,,,,0.335188239812851,0.938527047634125,10.1035308837891,0.00957680679857731,2676.85180664062,253.378372192383,1505909842532,1505909842566,11,22,
398,-34.6330073,-58.3755568,31,11,,,,,-0.153228908777237,4.96078586578369,8.26478385925293,0.00957680679857731,2858.33325195312,1959.45947265625,1505911039030,1505911039048,11,22,
138,-34.6039793,-58.3676681,0,20.7649993896484,,,,,-0.37349545955658,3.64876341819763,8.87769985198975,0.00957680679857731,1386.73889160156,1346.99230957031,1505495080777,1505495077360,5,12,
206,-34.603864,-58.3671216,0,107.723999023438,,,,,1.27371525764465,5.11401462554932,8.03494071960449,0.00957680679857731,913.538879394531,2168.3291015625,1505498329457,1505498326085,5,12,
244,-34.6327056,-58.3760135,57,14,,,,,-1.05344879627228,8.29351425170898,5.00866985321045,0.00957680679857731,3054.66674804688,284.847961425781,1505618684396,,7,19,
302,-34.6409412,-58.4012526,0,20,,,,,-2.95923328399658,5.70777702331543,7.47948598861694,0.00957680679857731,480.555541992188,199.0048828125,1505848869798,,9,21,
337,-34.6327389,-58.3759491,49,13,,,,,-0.0478840321302414,0.181959331035614,10.0364933013916,0.00957680679857731,2877.77783203125,320.945922851562,1505909863579,1505909863608,11,22,
399,-34.6330074,-58.375557,31,11,,,,,0.383072257041931,5.86100578308105,7.99663352966309,0.00957680679857731,2864.81494140625,1815.87829589844,1505911058398,1505911058580,11,22,
139,-34.6038955,-58.3674774,0,628,,,,,0.316034615039825,2.58573794364929,9.28950214385986,0.00957680679857731,1294.72778320312,1399.55786132812,1505495087592,1505495084185,5,12,
207,-34.6038708,-58.3671326,52,23,,,,,-0.861912608146667,4.77882671356201,7.91044235229492,0.00957680679857731,913.538879394531,2168.3291015625,1505498335108,,5,12,
245,-34.6326939,-58.3758907,0,20.7469997406006,,,,,-1.20667767524719,7.07726001739502,-7.28795003890991,0.00957680679857731,3390.41674804688,1157.43249511719,1505618620508,1505618617090,6,19,
303,-34.6409412,-58.4012526,0,20,,,,,-3.12203907966614,5.75566101074219,7.60398483276367,0.00957680679857731,480.555541992188,199.0048828125,1505848869847,,9,21,
338,-34.6327289,-58.3759722,50,12,,,,,-0.0287304203957319,0.191536128520966,10.0843772888184,0.00957680679857731,2877.77783203125,320.945922851562,1505909870031,1505909870063,11,22,
400,-34.633007,-58.3755576,0,71.9700012207031,,,,,-0.833182215690613,4.88417148590088,7.1921820640564,0.00957680679857731,3098.14819335938,1993.2431640625,1505911080247,1505911080259,11,22,
140,-34.6045298,-58.3676813,0,681,,,,,-1.13963997364044,2.30801033973694,9.06923580169678,0.00957680679857731,1294.72778320312,1399.55786132812,1505495092627,1505495089227,5,12,
208,-34.6037739,-58.3673546,28,15,,,,,-2.96881008148193,5.16189908981323,7.508216381073,0.00957680679857731,913.538879394531,2168.3291015625,1505498355177,,5,12,
246,-34.6327589,-58.3758461,0,20.8780002593994,,,,,1.18752408027649,7.51779317855835,6.43561410903931,0.00957680679857731,2751.83349609375,598.006774902344,1505618339309,1505618335909,6,19,
304,-34.640942,-58.4014456,23,15,,,,,0.0957680642604828,0.526724398136139,10.0843772888184,0.00957680679857731,405.268524169922,401.219512939453,1505848978954,,9,21,
339,-34.6327144,-58.376042,47,10,,,,,-0.0191536135971546,0.191536128520966,10.074800491333,0.00957680679857731,2877.77783203125,320.945922851562,1505909906599,1505909906612,11,22,
401,-34.6330068,-58.3755579,31,12,,,,,-0.12449848651886,0.201112940907478,10.0077629089355,0.00957680679857731,3098.14819335938,1993.2431640625,1505911085865,1505911085889,11,22,
141,-34.6038955,-58.3674774,0,802,,,,,-0.143652096390724,2.65277552604675,9.32781028747559,0.00957680679857731,1294.72778320312,1399.55786132812,1505495097660,1505495094258,5,12,
209,-34.6038466,-58.3671839,34,13,,,,,-1.71424841880798,5.55454778671265,10.1705684661865,0.00957680679857731,913.538879394531,2168.3291015625,1505498346727,,5,12,
247,-34.6327146,-58.3760135,55,55,,,,,-0.0957680642604828,7.29752683639526,-7.13472127914429,0.00957680679857731,3390.41674804688,1157.43249511719,1505618631993,1505618628560,6,19,
305,-34.6409445,-58.4014494,0,99.6780014038086,,,,,0,0.603338837623596,10.0077629089355,0.00957680679857731,419.685180664062,494.302459716797,1505849006972,,9,21,
340,-34.6327073,-58.3760529,47,11,,,,,-1.44609785079956,1.39821374416351,9.96945571899414,0.00957680679857731,2482.40747070312,278.716217041016,1505909915215,,11,22,
402,-34.6330063,-58.3755585,31,14,,,,,-0.12449848651886,0.191536128520966,10.046070098877,0.00957680679857731,3098.14819335938,1993.2431640625,1505911106931,,11,22,
142,-34.6038956,-58.3674752,0,625,,,,,-0.0478840321302414,2.42293214797974,10.0939540863037,0.00957680679857731,1294.72778320312,1399.55786132812,1505495102679,1505495099253,5,12,
210,-34.6037515,-58.367459,31,9,,,,,-3.66791701316833,7.02937602996826,6.55053567886353,0.00957680679857731,913.538879394531,2168.3291015625,1505498366729,,5,12,
248,-34.6327069,-58.3758684,0,19.7660007476807,,,,,-1.83874690532684,6.51222848892212,-7.25921964645386,0.00957680679857731,3390.41674804688,1157.43249511719,1505618615161,,6,19,
306,-34.6409535,-58.4012753,0,20.3980007171631,,,,,-0.0766144543886185,0.526724398136139,10.074800491333,0.00957680679857731,419.685180664062,494.302459716797,1505849007222,1505849007313,9,21,
341,-34.6326996,-58.376118,45,6,,,,,-1.50355863571167,1.45567464828491,9.87368774414062,0.00957680679857731,2482.40747070312,278.716217041016,1505909950081,1505909950145,11,22,
403,-34.6330062,-58.3755587,31,15,,,,,-0.114921681582928,0.191536128520966,10.0173397064209,0.00957680679857731,3098.14819335938,1993.2431640625,1505911115564,1505911115796,11,22,
143,-34.6038957,-58.3674743,0,605,,,,,-2.14520478248596,4.15633392333984,7.40287160873413,0.00957680679857731,1294.72778320312,1399.55786132812,1505495107677,1505495104274,5,12,
211,-34.603743,-58.3675182,36,16,,,,,-2.22181916236877,3.85945320129395,9.184157371521,0.00957680679857731,913.538879394531,2168.3291015625,1505498375099,1505498371722,5,12,
249,-34.6327589,-58.3758461,0,20.8780002593994,,,,,1.14921677112579,7.47948598861694,6.50265169143677,0.00957680679857731,2751.83349609375,598.006774902344,1505618339295,,6,19,
307,-34.6409355,-58.4014572,21,81,,,,,-0.0383072271943092,0.545877993106842,10.0173397064209,0.00957680679857731,419.685180664062,494.302459716797,1505849012590,1505849012499,9,21,
342,-34.6327011,-58.3761183,44,6,,,,,-1.47482824325562,1.39821374416351,9.87368774414062,0.00957680679857731,2482.40747070312,278.716217041016,1505909955579,1505909955624,11,22,
404,-34.6330061,-58.3755588,31,14,,,,,0.354341864585876,3.62960982322693,10.3237981796265,0.00957680679857731,3065.74072265625,1697.63513183594,1505911124566,1505911124750,11,22,
82,-34.603947,-58.3676235,0,20.6790008544922,,,,,-0.928950250148773,7.26879644393921,6.71334171295166,0.00957680679857731,1150.13891601562,459.948577880859,1505494515339,,5,12,
144,-34.6039857,-58.3676904,0,21.0709991455078,,,,,-0.229843363165855,2.69108271598816,9.46188545227051,0.00957680679857731,1334.1611328125,1997.49096679688,1505495121627,1505495118227,5,12,
212,-34.6037133,-58.3675337,37,14,,,,,-0.78529816865921,6.04296493530273,9.35654067993164,0.00957680679857731,624.361083984375,2148.61694335938,1505498383145,1505498379976,5,12,
250,-34.6327069,-58.3758684,0,19.9349994659424,,,,,1.13006317615509,9.30865573883057,2.95923328399658,0.00957680679857731,3055.52587890625,224.51350402832,1505618980372,1505618977158,8,21,
308,-34.6409293,-58.4014621,19,45,,,,,-0.0478840321302414,0.574608385562897,10.1131076812744,0.00957680679857731,419.685180664062,494.302459716797,1505849016657,1505849016696,9,21,
343,-34.6327006,-58.3761192,45,5,,,,,-1.45567464828491,1.41736745834351,9.91199493408203,0.00957680679857731,2482.40747070312,278.716217041016,1505909976662,1505909976797,11,22,
405,-34.6329786,-58.3755595,0,8.0649995803833,,,,,1.11090958118439,3.74453139305115,8.64785671234131,0.00957680679857731,3065.74072265625,1748.31079101562,1505911156714,1505911156746,11,22,
83,-34.603947,-58.3676235,0,20.6790008544922,,,,,0.316034615039825,6.79953289031982,5.6024317741394,0.00957680679857731,1150.13891601562,459.948577880859,1505494520858,1505494517359,5,12,
145,-34.6038955,-58.3674749,0,551,,,,,-0.268150597810745,2.29843354225159,9.73003578186035,0.00957680679857731,1307.87219238281,1905.50122070312,1505495126827,1505495123429,5,12,
213,-34.6038173,-58.3679075,18,10,,,,,0.363918662071228,3.68707060813904,8.69574069976807,0.00957680679857731,624.361083984375,2148.61694335938,1505498388513,1505498385168,5,12,
251,-34.6327284,-58.3760241,63,42,,,,,0.593762040138245,9.12669658660889,3.1890766620636,0.00957680679857731,3055.52587890625,224.51350402832,1505618985664,1505618982394,8,21,
309,-34.6409471,-58.401253,0,50,,,,,-1.67594122886658,4.42448472976685,8.25520706176758,0.00957680679857731,1494.83703613281,1804.7431640625,1505849550572,,8,21,
344,-34.6327,-58.3761197,45,10,,,,,0.114921681582928,0.335188239812851,10.0652236938477,0.00957680679857731,2637.962890625,793.918884277344,1505910002579,,11,22,
406,-34.6329786,-58.3755599,36,8,,,,,-2.33674097061157,4.59686708450317,8.65743350982666,0.00957680679857731,3331.4814453125,1765.20263671875,1505911165032,,11,22,
84,-34.603947,-58.3676235,0,21.0820007324219,,,,,-0.0957680642604828,0.0191536135971546,9.89284133911133,0.00957680679857731,1150.13891601562,459.948577880859,1505494525940,1505494522568,5,12,
146,-34.6032322,-58.3674167,0,618,,,,,-2.30801033973694,1.2449848651886,10.5344877243042,0.00957680679857731,1307.87219238281,1905.50122070312,1505495133360,,5,12,
214,-34.6038168,-58.3678941,18,14,,,,,0.363918662071228,3.15076947212219,9.54807662963867,0.00957680679857731,624.361083984375,2148.61694335938,1505498400922,1505498397537,5,12,
252,-34.6327069,-58.3758684,0,19.9349994659424,,,,,1.13006317615509,9.30865573883057,2.95923328399658,0.00957680679857731,3055.52587890625,224.51350402832,1505618980372,1505618977158,8,21,
310,-34.6409653,-58.4015373,0,284,,,,,-1.30244576931,4.35744714736938,8.37012958526611,0.00957680679857731,2113.84448242188,1675.21618652344,1505849555772,,8,21,
345,-34.6326954,-58.3761162,45,24,,,,,0.0861912593245506,0.316034615039825,10.074800491333,0.00957680679857731,2637.962890625,793.918884277344,1505910009464,,11,22,
407,-34.6329779,-58.3755597,36,12,,,,,-0.421379506587982,2.97838687896729,9.10754299163818,0.00957680679857731,3331.4814453125,1765.20263671875,1505911170200,1505911170238,11,22,
85,-34.6038305,-58.3678134,0,136.973999023438,,,,,-0.0861912593245506,0.0383072271943092,9.75876617431641,0.00957680679857731,1150.13891601562,459.948577880859,1505494530974,1505494527542,5,12,
147,-34.6038954,-58.3674753,0,672,,,,,-0.488417148590088,3.97437477111816,8.52335834503174,0.00957680679857731,1307.87219238281,1905.50122070312,1505495138445,,5,12,
215,-34.6038097,-58.3679031,20,13,,,,,0.143652096390724,5.65989303588867,7.73805999755859,0.00957680679857731,624.361083984375,2148.61694335938,1505498421964,1505498418684,5,12,
253,-34.6327212,-58.3760156,64,8,,,,,-2.5091233253479,7.2113356590271,6.29196214675903,0.00957680679857731,3055.52587890625,224.51350402832,1505619005681,1505619002233,8,21,
311,-34.6409471,-58.401253,0,20.3320007324219,,,,,-1.99197578430176,5.07570743560791,7.86255836486816,0.00957680679857731,821.75,423.687805175781,1505849602480,,9,21,
346,-34.6326901,-58.3761119,46,18,,,,,0.0766144543886185,0.335188239812851,10.0939540863037,0.00957680679857731,2637.962890625,793.918884277344,1505910034597,1505910034600,11,22,
408,-34.6329769,-58.3755599,36,16,,,,,-0.976834297180176,2.35589456558228,9.57680702209473,0.00957680679857731,3234.25927734375,1765.20263671875,1505911188166,1505911188383,11,22,
86,-34.6039377,-58.3675394,0,152,,,,,-0.0766144543886185,0.0574608407914639,9.83538055419922,0.00957680679857731,1150.13891601562,459.948577880859,1505494547794,1505494544424,5,12,
148,-34.6038957,-58.3674747,0,536,,,,,0.181959331035614,2.59531474113464,9.7396125793457,0.00957680679857731,1307.87219238281,1905.50122070312,1505495143478,1505495140042,5,12,
216,-34.6038097,-58.3679031,0,19.7730007171631,,,,,0.296881020069122,2.95923328399658,9.69172859191895,0.00957680679857731,348.327789306641,2161.75830078125,1505498427996,1505498424823,5,12,
254,-34.6327069,-58.3758684,0,19.9349994659424,,,,,1.13006317615509,9.30865573883057,2.95923328399658,0.00957680679857731,3055.52587890625,224.51350402832,1505618980372,1505618977158,8,21,
312,-34.6409773,-58.4015557,0,142,,,,,-1.61848032474518,6.6654577255249,7.20175886154175,0.00957680679857731,821.75,423.687805175781,1505849607775,1505849607784,9,21,
347,-34.6326904,-58.3761116,47,13,,,,,0.0957680642604828,0.296881020069122,10.074800491333,0.00957680679857731,2637.962890625,793.918884277344,1505910054564,1505910054579,11,22,
409,-34.6329769,-58.3755599,36,24,,,,,-0.78529816865921,2.80600428581238,9.2224645614624,0.00957680679857731,3234.25927734375,1765.20263671875,1505911189784,1505911189810,11,22,
87,-34.603935,-58.367569,0,171,,,,,-0.0766144543886185,0.0478840321302414,9.86411094665527,0.00957680679857731,1150.13891601562,459.948577880859,1505494549543,1505494546113,5,12,
149,-34.6038958,-58.3674745,0,559,,,,,-0.191536128520966,2.94007968902588,8.93516063690186,0.00957680679857731,1307.87219238281,1905.50122070312,1505495148463,1505495145056,5,12,
217,-34.6037987,-58.3679281,24,9,,,,,0.861912608146667,3.11246228218079,10.5153341293335,0.00957680679857731,348.327789306641,2161.75830078125,1505498431849,1505498428574,5,12,
255,-34.6327196,-58.3760151,64,10,,,,,-2.58573794364929,8.59997272491455,3.84029960632324,0.00957680679857731,3055.52587890625,224.51350402832,1505619067002,,8,21,
313,-34.6409406,-58.4012641,0,50,,,,,-0.296881020069122,6.46434450149536,7.25921964645386,0.00957680679857731,650,708.445922851562,1505851773759,,10,21,
348,-34.6326902,-58.3761119,47,12,,,,,0.0766144543886185,0.316034615039825,10.0652236938477,0.00957680679857731,2637.962890625,793.918884277344,1505910070081,1505910070145,11,22,
410,-34.6329767,-58.3755599,36,20,,,,,-0.354341864585876,5.17147588729858,8.68616390228271,0.00957680679857731,3085.18530273438,1934.12158203125,1505911201315,,11,22,
88,-34.6039747,-58.3676573,0,20.1000003814697,,,,,0.210689753293991,5.2480902671814,8.6095495223999,0.00957680679857731,1229.00561523438,197.120819091797,1505494580395,1505494576912,5,12,
150,-34.6038958,-58.3674746,0,529,,,,,0.0957680642604828,2.26970314979553,10.1705684661865,0.00957680679857731,2260.84448242188,2030.34448242188,1505495150168,1505495146800,5,12,
218,-34.6037864,-58.3679188,24,7,,,,,-2.13562798500061,2.42293214797974,9.63426780700684,0.00957680679857731,348.327789306641,2161.75830078125,1505498460467,,5,12,
256,-34.6327069,-58.3758684,0,19.9349994659424,,,,,1.13006317615509,9.30865573883057,2.95923328399658,0.00957680679857731,3055.52587890625,224.51350402832,1505618980372,1505618977158,8,21,
314,-34.6409406,-58.4012641,0,50,,,,,-0.469263523817062,6.48349809646606,7.47948598861694,0.00957680679857731,650,708.445922851562,1505851773806,,10,21,
349,-34.6326901,-58.376112,47,12,,,,,0.0766144543886185,0.277727395296097,10.046070098877,0.00957680679857731,2637.962890625,793.918884277344,1505910075648,1505910075664,11,22,
411,-34.632851,-58.3759317,49,10,,,,,0,0.172382518649101,9.93114852905273,0.00957680679857731,2767.59252929688,422.297302246094,1505911493033,,11,22,
89,-34.6043633,-58.3681882,0,281,,,,,-0.852335810661316,6.08127212524414,7.72848320007324,0.00957680679857731,1229.00561523438,197.120819091797,1505494585510,1505494582010,5,12,
151,-34.6039855,-58.3677572,0,20.5289993286133,,,,,-1.97282218933105,2.85388851165771,9.184157371521,0.00957680679857731,1307.87219238281,2253.748046875,1505495158449,1505495155073,5,12,
219,-34.6037867,-58.3679181,24,10,,,,,-2.23139595985413,2.5282769203186,9.47146224975586,0.00957680679857731,348.327789306641,2161.75830078125,1505498452783,,5,12,
257,-34.6327284,-58.3760241,63,42,,,,,0.593762040138245,9.12669658660889,3.1890766620636,0.00957680679857731,3055.52587890625,224.51350402832,1505618985664,1505618982394,8,21,
315,-34.6409801,-58.4010498,0,121,,,,,-0.354341864585876,6.33026933670044,7.58483076095581,0.00957680679857731,650,708.445922851562,1505851779240,,10,21,
350,-34.6326916,-58.376109,47,11,,,,,0.0766144543886185,0.296881020069122,10.0556468963623,0.00957680679857731,2637.962890625,793.918884277344,1505910100565,1505910100573,11,22,
412,-34.6328449,-58.3759585,49,5,,,,,-0.0191536135971546,0.181959331035614,10.046070098877,0.00957680679857731,2767.59252929688,422.297302246094,1505911502113,1505911502155,11,22,
90,-34.6039422,-58.367832,-110,73,,,,,-0.871489405632019,6.08127212524414,7.57525396347046,0.00957680679857731,1229.00561523438,197.120819091797,1505494590561,1505494587168,5,12,
152,-34.6039855,-58.3677572,0,20.5289993286133,,,,,-1.74297881126404,3.25611424446106,8.93516063690186,0.00957680679857731,1307.87219238281,2253.748046875,1505495158646,1505495155270,5,12,
220,-34.60394,-58.3678018,0,22.5869998931885,,,,,-0.0957680642604828,3.12203907966614,9.11711978912354,0.00957680679857731,1123.84997558594,1780.65808105469,1505498506694,,5,12,
258,-34.6327212,-58.3760156,64,8,,,,,-2.5091233253479,7.2113356590271,6.29196214675903,0.00957680679857731,3055.52587890625,224.51350402832,1505619005681,1505619002233,8,21,
316,-34.6409873,-58.4012141,10,39,,,,,-0.306457817554474,6.33984613418579,7.42202520370483,0.00957680679857731,650,708.445922851562,1505851784258,,10,21,
351,-34.6326912,-58.3761091,47,22,,,,,0.105344876646996,0.306457817554474,10.0939540863037,0.00957680679857731,2637.962890625,793.918884277344,1505910120596,1505910120608,11,22,
413,-34.6326825,-58.3755979,0,18.9930000305176,,,,,0.172382518649101,6.95276165008545,7.00064563751221,0.00957680679857731,3201.85180664062,1883.44592285156,1505912384381,,11,22,
91,-34.6040979,-58.3681905,0,108,,,,,-0.852335810661316,6.23450136184692,7.5465235710144,0.00957680679857731,1229.00561523438,197.120819091797,1505494610546,1505494607167,5,12,
153,-34.6039747,-58.3676573,0,64.0999984741211,,,,,0.565031588077545,3.45722723007202,8.5712423324585,0.00957680679857731,1307.87219238281,2253.748046875,1505495164099,1505495160856,5,12,
221,-34.6039593,-58.3678352,0,20.7140007019043,,,,,0.220266550779343,3.35188245773315,8.98304462432861,0.00957680679857731,1123.84997558594,1780.65808105469,1505498515137,,5,12,
259,-34.6327199,-58.3760156,64,10,,,,,-1.11090958118439,0.450109928846359,10.1992988586426,0.00957680679857731,3055.52587890625,224.51350402832,1505619043386,1505619039984,8,21,
317,-34.6409893,-58.4012818,9,30,,,,,-1.68551802635193,3.89776039123535,9.92157173156738,0.00957680679857731,644.444396972656,307.094573974609,1505851796744,,10,21,
352,-34.6326907,-58.3761092,47,25,,,,,0.0670376494526863,0.306457817554474,10.0652236938477,0.00957680679857731,2637.962890625,793.918884277344,1505910140596,1505910140609,11,22,
414,-34.6326826,-58.3755979,44,14,,,,,-0.134075298905373,0.469263523817062,10.1514148712158,0.00957680679857731,3201.85180664062,1883.44592285156,1505912400531,1505912400569,11,22,
92,-34.6041375,-58.367879,-61,92,,,,,-0.737414121627808,4.57771348953247,8.36055278778076,0.00957680679857731,920.111083984375,151.125961303711,1505494627198,,5,12,
154,-34.6039015,-58.3674775,20,81,,,,,0.928950250148773,3.57214903831482,8.47547435760498,0.00957680679857731,1307.87219238281,2253.748046875,1505495170580,1505495167211,5,12,
222,-34.6037833,-58.367923,26,4,,,,,-1.09175598621368,3.35188245773315,8.47547435760498,0.00957680679857731,1123.84997558594,1780.65808105469,1505498502368,,5,12,
260,-34.6327198,-58.3760156,64,14,,,,,-1.10133278369904,0.459686726331711,10.2567596435547,0.00957680679857731,3055.52587890625,224.51350402832,1505619045967,,8,21,
318,-34.6409893,-58.4012818,9,30,,,,,0.0191536135971546,2.95923328399658,9.09796619415283,0.00957680679857731,644.444396972656,307.094573974609,1505851796825,,10,21,
353,-34.63269,-58.376109,47,13,,,,,0.0957680642604828,0.316034615039825,10.0843772888184,0.00957680679857731,2637.962890625,793.918884277344,1505910173564,1505910173582,11,22,
415,-34.58250549,-58.44630551,76,4,,,,,-0.220266550779343,0.201112940907478,10.074800491333,0.00957680679857731,1367.02221679688,1655.81494140625,1505920800553,,5,12,
93,-34.6039095,-58.3675704,20,44,,,,,-0.699106872081757,2.71981310844421,10.41956615448,0.00957680679857731,920.111083984375,151.125961303711,1505494633915,,5,12,
155,-34.6039091,-58.3674934,18,18,,,,,0.421379506587982,2.61446833610535,9.45230865478516,0.00957680679857731,1307.87219238281,2253.748046875,1505495177781,1505495174405,5,12,
223,-34.6037833,-58.367923,0,914,,,,,0.00957680679857731,3.63918662071228,8.9255838394165,0.00957680679857731,1123.84997558594,1780.65808105469,1505498520969,1505498517481,5,12,
261,-34.6327196,-58.3760148,64,14,,,,,-0.823605358600616,0.450109928846359,10.0556468963623,0.00957680679857731,3055.52587890625,224.51350402832,1505619088987,,8,21,
319,-34.6409943,-58.4011078,3,8,,,,,-1.98239898681641,2.78685069084167,9.36611747741699,0.00957680679857731,644.444396972656,307.094573974609,1505851802143,1505851802158,10,21,
354,-34.6326897,-58.3761086,47,13,,,,,0.105344876646996,0.335188239812851,10.1226844787598,0.00957680679857731,2637.962890625,793.918884277344,1505910193630,1505910193663,11,22,
416,-34.5824888,-58.4462608,68,7,,,,,-0.220266550779343,0.201112940907478,10.1514148712158,0.00957680679857731,1367.02221679688,1655.81494140625,1505920804435,,5,12,
94,-34.6038602,-58.3674367,27,9,,,,,-0.852335810661316,4.80755710601807,8.29351425170898,0.00957680679857731,920.111083984375,151.125961303711,1505494673384,1505494670002,5,12,
156,-34.6039114,-58.367501,18,41,,,,,0.574608385562897,4.9990930557251,8.26478385925293,0.00957680679857731,1307.87219238281,2253.748046875,1505495197797,1505495194436,5,12,
224,-34.6038882,-58.3677572,0,21.2830009460449,,,,,0.191536128520966,3.49553442001343,8.82981586456299,0.00957680679857731,1123.84997558594,1780.65808105469,1505498527504,1505498524156,5,12,
262,-34.6327069,-58.3758684,0,19.9349994659424,,,,,1.13006317615509,9.30865573883057,2.95923328399658,0.00957680679857731,3055.52587890625,224.51350402832,1505618980372,1505618977158,8,21,
320,-34.6410165,-58.4011884,4,6,,,,,0.689530074596405,3.47638082504272,8.13070869445801,0.00957680679857731,644.444396972656,307.094573974609,1505851823193,1505851823204,10,21,
355,-34.6326896,-58.3761086,48,21,,,,,0.0957680642604828,0.335188239812851,10.1131076812744,0.00957680679857731,2637.962890625,793.918884277344,1505910213598,1505910213629,11,22,
417,-34.58250549,-58.44630551,76,4,,,,,-0.220266550779343,0.201112940907478,10.074800491333,0.00957680679857731,1367.02221679688,1655.81494140625,1505920800553,,5,12,
95,-34.6038602,-58.3674374,27,8,,,,,-0.679953277111053,4.88417148590088,8.17859268188477,0.00957680679857731,920.111083984375,151.125961303711,1505494671749,,5,12,
157,-34.6039124,-58.3675036,18,34,,,,,0.229843363165855,2.69108271598816,9.51934623718262,0.00957680679857731,1669.34448242188,1951.49609375,1505495209649,1505495206458,5,12,
225,-34.6038926,-58.3678516,0,64.0999984741211,,,,,-0.967257499694824,4.4723687171936,7.88171195983887,0.00957680679857731,1123.84997558594,1780.65808105469,1505498531920,1505498528494,5,12,
263,-34.6327284,-58.3760241,63,42,,,,,0.593762040138245,9.12669658660889,3.1890766620636,0.00957680679857731,3055.52587890625,224.51350402832,1505618985664,1505618982394,8,21,
321,-34.6410164,-58.4011886,4,7,,,,,0.0191536135971546,1.87705409526825,10.2854900360107,0.00957680679857731,841.666625976562,273.648651123047,1505851831995,1505851832083,10,21,
356,-34.6326895,-58.3761085,48,39,,,,,0.0957680642604828,0.316034615039825,10.0843772888184,0.00957680679857731,2637.962890625,793.918884277344,1505910230081,1505910230329,11,22,
96,-34.6038599,-58.3674364,27,8,,,,,1.54186594486237,0.928950250148773,12.5935010910034,0.00957680679857731,591.5,197.120819091797,1505494683835,1505494680676,5,12,
158,-34.6039123,-58.3675035,0,198,,,,,0.995987892150879,2.53785371780396,9.68215179443359,0.00957680679857731,1623.3388671875,2036.91516113281,1505495216351,1505495212965,5,12,
226,-34.6039724,-58.3678129,0,50,,,,,-0.823605358600616,3.62003302574158,8.9064302444458,0.00957680679857731,1123.84997558594,1780.65808105469,1505498536021,1505498532642,5,12,
264,-34.6327212,-58.3760156,64,8,,,,,-2.5091233253479,7.2113356590271,6.29196214675903,0.00957680679857731,3055.52587890625,224.51350402832,1505619005681,1505619002233,8,21,
322,-34.641009,-58.4011982,4,9,,,,,2.24097275733948,1.49398183822632,10.26633644104,0.00957680679857731,841.666625976562,273.648651123047,1505851851544,1505851851549,10,21,
357,-34.6326895,-58.3761085,48,38,,,,,0.0957680642604828,0.316034615039825,10.074800491333,0.00957680679857731,2637.962890625,793.918884277344,1505910233613,1505910233646,11,22,
97,-34.6038608,-58.3674325,26,28,,,,,-1.06302559375763,3.8690299987793,8.66701030731201,0.00957680679857731,565.211120605469,170.838043212891,1505494689137,1505494685774,5,12,
159,-34.6039149,-58.3675045,0,103,,,,,0.363918662071228,2.16435837745667,11.0516347885132,0.00957680679857731,1623.3388671875,2036.91516113281,1505495221617,1505495218234,5,12,
227,-34.60394,-58.3678018,0,20.7119998931885,,,,,-0.881066203117371,2.89219570159912,9.14585018157959,0.00957680679857731,1123.84997558594,1780.65808105469,1505498541938,1505498538631,5,12,
265,-34.6327199,-58.3760156,64,10,,,,,-1.11090958118439,0.450109928846359,10.1992988586426,0.00957680679857731,3055.52587890625,224.51350402832,1505619043386,1505619039984,8,21,
323,-34.6410084,-58.4011995,4,5,,,,,-0.0287304203957319,0.114921681582928,9.88326454162598,0.00957680679857731,841.666625976562,273.648651123047,1505851877163,1505851877148,10,21,
358,-34.6326891,-58.3761085,48,30,,,,,0.0766144543886185,0.335188239812851,10.074800491333,0.00957680679857731,2637.962890625,793.918884277344,1505910254630,1505910254663,11,22,
98,-34.6038637,-58.367422,23,20,,,,,-0.881066203117371,3.07415509223938,9.13627338409424,0.00957680679857731,565.211120605469,170.838043212891,1505494709036,1505494705644,5,12,
160,-34.6039161,-58.3675084,17,52,,,,,1.04387199878693,2.94007968902588,9.13627338409424,0.00957680679857731,1623.3388671875,2036.91516113281,1505495226650,,5,12,
228,-34.6039592,-58.3678686,0,20.7099990844727,,,,,-1.15879356861115,3.33272886276245,9.03092861175537,0.00957680679857731,1123.84997558594,1780.65808105469,1505498546088,,5,12,
266,-34.6327069,-58.3758684,0,19.9349994659424,,,,,1.13006317615509,9.30865573883057,2.95923328399658,0.00957680679857731,3055.52587890625,224.51350402832,1505618980372,1505618977158,8,21,
324,-34.6410083,-58.4011994,3,5,,,,,0.277727395296097,3.02627086639404,8.85854625701904,0.00957680679857731,869.444396972656,735.810791015625,1505851892463,1505851892481,10,21,
359,-34.6326891,-58.3761085,48,63,,,,,0.105344876646996,0.325611442327499,10.0556468963623,0.00957680679857731,2637.962890625,793.918884277344,1505910274630,1505910274682,11,22,
99,-34.6038607,-58.3674025,24,25,,,,,0.277727395296097,4.66390514373779,8.43716716766357,0.00957680679857731,565.211120605469,170.838043212891,1505494729986,1505494726748,5,12,
161,-34.6039162,-58.3675084,0,122.727996826172,,,,,0.622492432594299,2.26012635231018,10.9079828262329,0.00957680679857731,1636.48327636719,1898.93054199219,1505495235286,1505495231916,5,12,
267,-34.6327284,-58.3760241,63,42,,,,,0.593762040138245,9.12669658660889,3.1890766620636,0.00957680679857731,3055.52587890625,224.51350402832,1505618985664,1505618982394,8,21,
325,-34.6410489,-58.401194,-3,15,,,,,-0.0861912593245506,0.239420175552368,10.0364933013916,0.00957680679857731,869.444396972656,735.810791015625,1505851916532,,10,21,
360,-34.6326891,-58.3761086,0,15.0229997634888,,,,,0.0287304203957319,0.181959331035614,10.3237981796265,0.00957680679857731,2942.59252929688,878.378356933594,1505910312446,1505910312695,11,22,
100,-34.6038604,-58.3674015,24,24,,,,,0.919373452663422,4.4340615272522,9.07881259918213,0.00957680679857731,565.211120605469,170.838043212891,1505494732956,1505494729578,5,12,
162,-34.6039162,-58.3675084,0,227,,,,,0.411802679300308,4.4532151222229,8.31266784667969,0.00957680679857731,1636.48327636719,1898.93054199219,1505495240518,1505495237141,5,12,
268,-34.6327212,-58.3760156,64,8,,,,,-2.5091233253479,7.2113356590271,6.29196214675903,0.00957680679857731,3055.52587890625,224.51350402832,1505619005681,1505619002233,8,21,
326,-34.6410512,-58.4011954,-3,13,,,,,-0.0957680642604828,0.220266550779343,9.97903251647949,0.00957680679857731,869.444396972656,735.810791015625,1505851943386,1505851943358,10,21,
361,-34.6326888,-58.3761103,46,14,,,,,0.0957680642604828,0.220266550779343,10.0364933013916,0.00957680679857731,2942.59252929688,878.378356933594,1505910317647,1505910317760,11,22,
101,-34.6038604,-58.3674011,24,19,,,,,-0.488417148590088,4.01268196105957,8.58081912994385,0.00957680679857731,900.394470214844,486.231353759766,1505494751403,1505494748233,5,12,
163,-34.6039162,-58.3675084,0,399,,,,,1.2258312702179,5.04697704315186,7.99663352966309,0.00957680679857731,1636.48327636719,1898.93054199219,1505495247701,,5,12,
269,-34.6327069,-58.3758684,0,19.9349994659424,,,,,1.13006317615509,9.30865573883057,2.95923328399658,0.00957680679857731,3055.52587890625,224.51350402832,1505618980372,1505618977158,8,21,
327,-34.6410521,-58.4011955,-3,20,,,,,-0.0766144543886185,0.277727395296097,10.0556468963623,0.00957680679857731,869.444396972656,735.810791015625,1505851969568,1505851969557,10,21,
362,-34.6326861,-58.3761101,46,8,,,,,0.335188239812851,1.50355863571167,10.3429517745972,0.00957680679857731,2754.62963867188,540.54052734375,1505910328014,1505910328217,11,22,
102,-34.6038608,-58.3674004,0,134,,,,,-0.641646027565002,4.24252557754517,8.36055278778076,0.00957680679857731,900.394470214844,486.231353759766,1505494756689,1505494753277,5,12,
164,-34.6041087,-58.3677795,0,21.367000579834,,,,,0.0766144543886185,3.35188245773315,9.4235782623291,0.00957680679857731,1958.52221679688,2043.48583984375,1505495257436,1505495254122,5,12,
270,-34.6327284,-58.3760241,63,42,,,,,0.593762040138245,9.12669658660889,3.1890766620636,0.00957680679857731,3055.52587890625,224.51350402832,1505618985664,1505618982394,8,21,
328,-34.6410529,-58.4011958,-3,27,,,,,-0.105344876646996,0.239420175552368,10.0556468963623,0.00957680679857731,869.444396972656,735.810791015625,1505851989604,1505851989613,10,21,
363,-34.6327004,-58.3761126,47,10,,,,,0.344765037298203,3.83072280883789,8.82981586456299,0.00957680679857731,2106.4814453125,1021.95941162109,1505910489414,1505910489453,11,22,
103,-34.6038627,-58.3673975,0,101,,,,,-0.402225881814957,3.61045622825623,8.73404788970947,0.00957680679857731,900.394470214844,486.231353759766,1505494761689,1505494758244,5,12,
165,-34.6041087,-58.3677795,0,21.4290008544922,,,,,0.450109928846359,2.73896670341492,9.78749656677246,0.00957680679857731,1958.52221679688,2043.48583984375,1505495264085,1505495260735,5,12,
271,-34.6327212,-58.3760156,64,8,,,,,-2.5091233253479,7.2113356590271,6.29196214675903,0.00957680679857731,3055.52587890625,224.51350402832,1505619005681,1505619002233,8,21,
364,-34.6327353,-58.3760854,45,14,,,,,-0.689530074596405,1.36948335170746,9.05008220672607,0.00957680679857731,2106.4814453125,1021.95941162109,1505910510680,1505910510750,11,22,
104,-34.603865,-58.3673935,22,36,,,,,-0.555454790592194,3.87860679626465,8.81066226959229,0.00957680679857731,900.394470214844,486.231353759766,1505494766742,,5,12,
166,-34.6041021,-58.3678241,0,20.7000007629395,,,,,-0.593762040138245,2.41335535049438,9.34696388244629,0.00957680679857731,1958.52221679688,2043.48583984375,1505495268854,,5,12,
272,-34.6327069,-58.3758684,0,19.9349994659424,,,,,1.13006317615509,9.30865573883057,2.95923328399658,0.00957680679857731,3055.52587890625,224.51350402832,1505618980372,1505618977158,8,21,
365,-34.6327869,-58.3758981,49,14,,,,,0.335188239812851,2.25054955482483,9.46188545227051,0.00957680679857731,2112.962890625,1461.14855957031,1505910560614,,11,22,
105,-34.6038591,-58.3673719,23,25,,,,,-0.833182215690613,2.72938990592957,9.7013053894043,0.00957680679857731,900.394470214844,486.231353759766,1505494803809,,5,12,
167,-34.6039158,-58.3675099,0,744,,,,,0.229843363165855,2.21224236488342,8.8872766494751,0.00957680679857731,1958.52221679688,2043.48583984375,1505495273953,1505495270575,5,12,
273,-34.6327284,-58.3760241,63,42,,,,,0.593762040138245,9.12669658660889,3.1890766620636,0.00957680679857731,3055.52587890625,224.51350402832,1505618985664,1505618982394,8,21,
366,-34.6328847,-58.3756638,48,14,,,,,0.0383072271943092,2.39420175552368,9.184157371521,0.00957680679857731,2112.962890625,1461.14855957031,1505910580880,1505910580955,11,22,
106,-34.603859,-58.3673721,0,398,,,,,-0.517147541046143,6.08127212524414,7.5273699760437,0.00957680679857731,1314.44445800781,223.403594970703,1505494837579,,5,12,
168,-34.6041344,-58.3678686,0,20.6809997558594,,,,,-1.07260239124298,3.1699230670929,9.07881259918213,0.00957680679857731,2260.84448242188,1885.78918457031,1505495285954,1505495282582,5,12,
274,-34.6327212,-58.3760156,64,8,,,,,-2.5091233253479,7.2113356590271,6.29196214675903,0.00957680679857731,3055.52587890625,224.51350402832,1505619005681,1505619002233,8,21,
367,-34.6329307,-58.3754852,52,17,,,,,-1.13963997364044,0.842759013175964,10.3046445846558,0.00957680679857731,2112.962890625,1461.14855957031,1505910604565,1505910604609,11,22,
107,-34.6038548,-58.3673776,0,253,,,,,-0.105344876646996,5.75566101074219,7.91044235229492,0.00957680679857731,1314.44445800781,223.403594970703,1505494843743,1505494840354,5,12,
169,-34.6041281,-58.3678129,0,20.507999420166,,,,,-0.16280572116375,1.23540806770325,10.0364933013916,0.00957680679857731,2260.84448242188,1885.78918457031,1505495292688,1505495289304,5,12,
275,-34.6327284,-58.3760241,63,42,,,,,0.593762040138245,9.12669658660889,3.1890766620636,0.00957680679857731,3055.52587890625,224.51350402832,1505618985664,1505618982394,8,21,
368,-34.6329367,-58.3755325,42,12,,,,,0.172382518649101,0.363918662071228,10.046070098877,0.00957680679857731,1873.14819335938,1748.31079101562,1505910613681,1505910613736,11,22,
108,-34.6038548,-58.3673777,0,118,,,,,-1.13006317615509,6.65588092803955,7.37414121627808,0.00957680679857731,1314.44445800781,223.403594970703,1505494847644,1505494844250,5,12,
170,-34.6039154,-58.3675101,0,639,,,,,-2.32716393470764,2.16435837745667,10.0077629089355,0.00957680679857731,2260.84448242188,1885.78918457031,1505495297688,1505495294307,5,12,
276,-34.6327069,-58.3758684,0,19.9349994659424,,,,,1.13006317615509,9.30865573883057,2.95923328399658,0.00957680679857731,3055.52587890625,224.51350402832,1505618980372,1505618977158,8,21,
369,-34.6329909,-58.3755411,47,16,,,,,0.134075298905373,0.316034615039825,10.0939540863037,0.00957680679857731,1873.14819335938,1748.31079101562,1505910659580,1505910659737,11,22,
109,-34.6038646,-58.3674032,25,26,,,,,-1.28329205513,6.60799646377563,7.37414121627808,0.00957680679857731,1314.44445800781,223.403594970703,1505494852643,1505494849259,5,12,
171,-34.6039156,-58.3675111,0,487,,,,,-1.20667767524719,2.32716393470764,10.0652236938477,0.00957680679857731,2260.84448242188,1885.78918457031,1505495302787,1505495299434,5,12,
277,-34.6327284,-58.3760241,63,42,,,,,0.593762040138245,9.12669658660889,3.1890766620636,0.00957680679857731,3055.52587890625,224.51350402832,1505618985664,1505618982394,8,21,
370,-34.6329912,-58.3755409,47,16,,,,,-0.191536128520966,4.24252557754517,8.53293514251709,0.00957680679857731,1419.44445800781,1680.7431640625,1505910668747,1505910668926,11,22,
110,-34.6038639,-58.367404,25,24,,,,,-0.191536128520966,2.89219570159912,9.19373416900635,0.00957680679857731,1945.37780761719,558.508972167969,1505494890729,1505494887355,5,12,
172,-34.6039186,-58.3675238,0,204,,,,,-0.727837324142456,2.11647439002991,9.71088218688965,0.00957680679857731,2260.84448242188,1885.78918457031,1505495307789,1505495304434,5,12,
278,-34.6327212,-58.3760156,64,8,,,,,-2.5091233253479,7.2113356590271,6.29196214675903,0.00957680679857731,3055.52587890625,224.51350402832,1505619005681,1505619002233,8,21,
371,-34.6330252,-58.3755519,39,8,,,,,0.268150597810745,1.87705409526825,9.77791976928711,0.00957680679857731,1419.44445800781,1680.7431640625,1505910689031,1505910689060,11,22,
111,-34.6038643,-58.3674052,0,487,,,,,0.277727395296097,2.51870012283325,9.81622695922852,0.00957680679857731,1945.37780761719,558.508972167969,1505494896048,1505494892648,5,12,
173,-34.6039173,-58.3675234,16,54,,,,,-0.78529816865921,2.11647439002991,9.60553741455078,0.00957680679857731,2260.84448242188,1885.78918457031,1505495312789,1505495309359,5,12,
279,-34.6327069,-58.3758684,0,19.9349994659424,,,,,1.13006317615509,9.30865573883057,2.95923328399658,0.00957680679857731,3055.52587890625,224.51350402832,1505618980372,1505618977158,8,21,
372,-34.6330257,-58.3755498,39,6,,,,,-0.78529816865921,2.73896670341492,9.59596061706543,0.00957680679857731,1419.44445800781,1680.7431640625,1505910710080,1505910710107,11,22,
112,-34.6038789,-58.3674475,0,138,,,,,1.35032975673676,1.31202256679535,10.2950668334961,0.00957680679857731,1945.37780761719,558.508972167969,1505494901116,,5,12,
174,-34.6039164,-58.367523,16,65,,,,,-0.430956304073334,2.26970314979553,10.26633644104,0.00957680679857731,2523.7333984375,1905.50122070312,1505495324689,,5,12,
280,-34.6327284,-58.3760241,63,42,,,,,0.593762040138245,9.12669658660889,3.1890766620636,0.00957680679857731,3055.52587890625,224.51350402832,1505618985664,1505618982394,8,21,
373,-34.6330259,-58.3755498,39,5,,,,,0.0574608407914639,2.11647439002991,8.61912631988525,0.00957680679857731,978.703735351562,1697.63513183594,1505910718249,1505910718381,11,22,
113,-34.6038887,-58.3674759,22,85,,,,,-0.679953277111053,3.67749381065369,8.93516063690186,0.00957680679857731,1945.37780761719,558.508972167969,1505494906097,1505494902701,5,12,
175,-34.6039284,-58.3675605,13,33,,,,,-0.0383072271943092,3.64876341819763,8.5712423324585,0.00957680679857731,2523.7333984375,1905.50122070312,1505495330039,1505495326685,5,12,
281,-34.6327212,-58.3760156,64,8,,,,,-2.5091233253479,7.2113356590271,6.29196214675903,0.00957680679857731,3055.52587890625,224.51350402832,1505619005681,1505619002233,8,21,
374,-34.6330159,-58.3755857,31,6,,,,,-0.268150597810745,1.9632453918457,9.64384460449219,0.00957680679857731,933.333374023438,1976.35131835938,1505910738214,1505910738256,11,22,
114,-34.6038953,-58.3674767,22,25,,,,,-0.66079968214035,2.82515811920166,9.17458057403564,0.00957680679857731,1721.92224121094,578.221069335938,1505494916514,,5,12,
176,-34.6042363,-58.3675626,-2,12,,,,,-2.45166254043579,4.58729028701782,8.35097599029541,0.00957680679857731,2523.7333984375,1905.50122070312,1505495352526,1505495349147,5,12,
282,-34.6327069,-58.3758684,0,19.9349994659424,,,,,1.13006317615509,9.30865573883057,2.95923328399658,0.00957680679857731,3055.52587890625,224.51350402832,1505618980372,1505618977158,8,21,
375,-34.6330174,-58.3755882,31,10,,,,,0.201112940907478,3.10288548469543,9.33738708496094,0.00957680679857731,706.481506347656,1976.35131835938,1505910757548,1505910757576,11,22,
115,-34.6038954,-58.3674767,0,102.078002929688,,,,,0.277727395296097,3.41892004013062,8.65743350982666,0.00957680679857731,1662.77221679688,558.508972167969,1505494921816,1505494918416,5,12,
177,-34.6043385,-58.3674403,11,25,,,,,0.268150597810745,4.84586429595947,8.39885997772217,0.00957680679857731,2523.7333984375,1905.50122070312,1505495373543,1505495370183,5,12,
283,-34.6327284,-58.3760241,63,42,,,,,0.593762040138245,9.12669658660889,3.1890766620636,0.00957680679857731,3055.52587890625,224.51350402832,1505618985664,1505618982394,8,21,
376,-34.6330225,-58.3755971,30,19,,,,,-1.79086291790009,1.87705409526825,9.62469100952148,0.00957680679857731,706.481506347656,1976.35131835938,1505910798330,1505910798376,11,22,
